country,cold wave,drought,flood,storms,tropical cyclone
australia,,15.95557672,,12.84297217,
bahamas (the),,,,,12.43600907
bangladesh,,,9.242129694,,
botswana,,11.51292546,,,
cabo verde,,0,,,
canada,14.50865774,,,,
chile,,,10.54534144,,
china,,16.30484074,12.62571347,16.24556399,15.57983391
denmark,,13.53009259,,,
fiji,,,,,8.188966864
france,,,0,12.90432428,
guam,,,,,12.6298458
haiti,,13.81551056,,,
hong kong,,,5.942799375,,12.30029587
hungary,,12.85839783,,,
india,5.616771098,,,4.094344562,4.828313737
iran (islamic republic of),,,8.216088099,,
israel,13.21767356,,,,
japan,,,5.85220248,,4.574710979
jordan,12.89925733,,,,
korea (the republic of),,,,,6.070737728
lao people's democratic republic (the),,,,,12.51557369
lebanon,,,,12.46496937,
lesotho,,12.71138309,,,
lithuania,,10.87615862,,,
malawi,,15.76142071,,,
mexico,11.45190076,,,,9.472935379
new zealand,,,0,10.84933709,
nigeria,2.890371758,,,,
norway,,,0,,
panama,,,,9.216521231,
peru,,14.11561515,,,
philippines (the),,,13.50506741,,12.65483029
solomon islands,,,0,,
taiwan (province of china),,,,,10.46333189
thailand,,,11.69349549,,12.49373722
ukraine,,,,,7.863266724
united states of america (the),,,14.91412951,3.295836866,17.27482284
vanuatu,,,,,7.057897937
viet nam,,,,,11.49056738
