Disaster Name,Severity
tropical cyclone,381.70393924799066
drought,125.17100973912295
heat wave,24.597011744356447
cold wave,29.825769229357764
flood,147.17106183460433
storms,112.44634815487906
