Disaster Name,Severity
tropical cyclone,118.82799629307706
drought,49.17253280855561
storms,14.508907707279427
flood,9.08704215563169
