Disaster Name,Severity
tropical cyclone,116.51254998980255
drought,103.8912792225382
cold wave,14.845129975145433
flood,59.42735639337712
storms,20.807812037884872
