Disaster Name,Severity
tropical cyclone,242.60656398611906
drought,204.8653176174534
heat wave,21.85182520198247
cold wave,79.09213950256834
flood,146.73606782389822
storms,134.078991766241
