Disaster Name,Severity
tropical cyclone,227.68323256304222
drought,194.00597087480736
heat wave,9.883284845218608
cold wave,59.20479429201406
flood,84.91941182288357
storms,61.579320731165424
