Disaster Name,Severity
tropical cyclone,183.93619072032482
drought,220.2245874852077
heat wave,24.482849126909304
severe winter conditions,52.21278989137179
cold wave,50.76399054841612
storms,201.931054469418
