Disaster Name,Severity
tropical cyclone,265.22688537493565
drought,250.79880703091808
heat wave,4.812184355372417
severe winter conditions,46.570294305835105
cold wave,168.19880724419457
storms,144.82280828397094
