Disaster Name,Severity
tropical cyclone,85.06292998308038
drought,83.61298952694399
heat wave,8.416267272826277
flood,41.39604098419235
storms,10.34180699751524
