Disaster Name,Severity
tropical cyclone,106.59472924887163
heat wave,6.6644090203504085
drought,0.0
cold wave,13.30580097785648
flood,43.35398945501839
storms,4.127134385045092
