Disaster Name,Severity
tropical cyclone,329.8309470637805
drought,161.6254210203385
heat wave,31.643940866477912
cold wave,55.78240834420435
storms,214.54043328180327
