Disaster Name,Severity
tropical cyclone,260.78857357746836
drought,267.65292724328646
heat wave,50.68564593674745
severe winter conditions,13.779883380321124
cold wave,16.937318366939177
storms,255.1457292040395
