Disaster Name,Severity
tropical cyclone,77.78419648781073
drought,69.90217169491899
cold wave,11.516917486239766
storms,0.0
flood,32.48155162296232
