Disaster Name,Severity
tropical cyclone,279.6828293764078
drought,98.73906309090786
cold wave,14.410802322352167
storms,32.21292370619477
flood,31.822162262276525
