Disaster Name,Severity
tropical cyclone,123.14750287951398
drought,9.503009985939002
cold wave,7.495541943884255
flood,23.573434135841634
storms,5.313205979041787
