Disaster Name,Severity
tropical cyclone,219.1347767748664
drought,246.89937135678417
heat wave,64.50063681397079
cold wave,88.39518038003114
flood,177.77401120964032
storms,122.73464560827445
