Disaster Name,Severity
tropical cyclone,75.51165040607349
drought,0.0
cold wave,5.991464547107982
flood,14.731961277039796
