Disaster Name,Severity
tropical cyclone,179.30205463744062
drought,107.33146787729554
heat wave,10.239959789157341
cold wave,11.289781913656018
storms,32.696336227265334
flood,4.605170185988092
