Disaster Name,Severity
tropical cyclone,37.48662924579364
heat wave,3.912023005428146
flood,30.953626616958452
storms,13.305263100361344
