Disaster Name,Severity
tropical cyclone,171.96459767630807
drought,33.76376818787042
heat wave,14.375153774094969
cold wave,10.309019325088835
flood,84.28656222475465
storms,80.28097736310902
