Disaster Name,Severity
tropical cyclone,177.89567730971973
drought,137.4419214698312
cold wave,60.58463223981508
flood,92.53696696342243
storms,81.91386955037234
