Disaster Name,Severity
tropical cyclone,218.6127669994476
drought,155.9028806402048
heat wave,14.139910213351218
cold wave,10.778351940641137
flood,51.64447163434391
storms,28.868629836652236
