Disaster Name,Severity
tropical cyclone,224.64687453863164
heat wave,178.3367634962634
drought,156.15340931320026
cold wave,35.90710574531579
flood,90.0320027569497
storms,111.4943012455353
