Disaster Name,Severity
tropical cyclone,106.8807556614693
drought,120.51540174636798
flood,47.12061163508497
