Disaster Name,Severity
tropical cyclone,213.08118373211752
drought,132.79797291025432
heat wave,18.421310545585676
cold wave,4.3694478524670215
flood,10.288715939142856
storms,18.388803005054342
