Disaster Name,Severity
tropical cyclone,212.00833331223959
drought,189.07945894751637
heat wave,15.394060304944968
severe winter conditions,10.83860003865087
cold wave,76.28334107088965
storms,148.16873563360284
