Disaster Name,Severity
tropical cyclone,71.24069718105686
drought,14.971133101349164
heat wave,3.091042453358316
cold wave,5.564520407322694
storms,5.886104031450156
flood,44.71273631877342
