Disaster Name,Severity
tropical cyclone,126.01242128008396
drought,72.27781181807919
heat wave,5.0106352940962555
flood,48.41155967853806
storms,26.387750723334513
