Disaster Name,Severity
tropical cyclone,309.9328387252867
heat wave,37.02084039411321
drought,77.43811281896556
cold wave,51.77644218028164
flood,187.21128770114728
storms,90.7670248858478
