Disaster Name,Severity
tropical cyclone,272.34542062443546
drought,264.9009861311171
heat wave,26.753213149029346
cold wave,60.184518070566575
storms,203.76197980716495
flood,189.7051853248845
