Disaster Name,Severity
tropical cyclone,123.22936953533534
drought,62.03533704390166
storms,21.790542245304668
flood,16.3271889582497
