Disaster Name,Severity
tropical cyclone,94.5205146565116
drought,88.58667408908049
heat wave,4.605170185988092
flood,4.060443010546419
storms,15.772364462226566
