Disaster Name,Severity
tropical cyclone,95.7313785286185
drought,25.561474458020164
flood,51.123082344661924
storms,13.8158325061334
