Disaster Name,Severity
tropical cyclone,99.3323839924753
drought,72.21089426571754
heat wave,6.907755278982138
storms,17.63014121738377
flood,17.776452290725825
