Disaster Name,Severity
tropical cyclone,173.12699902439374
drought,109.52678789355363
heat wave,37.31815540263543
severe winter conditions,57.05150898491892
cold wave,7.110696122978827
storms,239.48903888579724
