Disaster Name,Severity
tropical cyclone,227.00989159438993
drought,178.14585278016932
heat wave,12.737626938271598
severe winter conditions,20.738254444440493
cold wave,73.5285528653692
storms,221.71408252217157
