Disaster Name,Severity
tropical cyclone,266.29766309952566
drought,313.54395921024786
heat wave,24.621041123152832
cold wave,21.23949233768409
flood,125.5405155829148
storms,256.2110442983234
