Disaster Name,Severity
tropical cyclone,309.0386402668707
drought,76.92604306243152
heat wave,11.932056763842208
cold wave,8.699514748210191
flood,87.07727939070493
storms,30.399012213615514
