Disaster Name,Severity
tropical cyclone,205.81177976600057
drought,73.32184722080612
severe winter conditions,0.0
cold wave,11.289781913656018
storms,23.687534792570645
flood,67.65201399191912
