Disaster Name,Severity
tropical cyclone,325.73772703093283
drought,179.64937723456214
heat wave,33.430835939961845
cold wave,42.87196389525687
flood,138.72782647017686
storms,114.21582551382315
