Disaster Name,Severity
tropical cyclone,200.97652333914093
drought,165.4419710874958
heat wave,13.636383892066839
cold wave,50.375067813563454
flood,214.04381778713014
storms,91.7020922622703
