Disaster Name,Severity
tropical cyclone,152.82588952472923
drought,227.9392061265844
heat wave,13.143725572256297
storms,65.63482753852139
flood,77.65854442959089
