Disaster Name,Severity
tropical cyclone,232.20539017498942
drought,70.69428383459442
heat wave,18.785496176025926
cold wave,5.707110264748875
flood,216.26876366190368
storms,145.60836940289494
