Disaster Name,Severity
tropical cyclone,192.4455424974124
drought,195.4476660501482
heat wave,9.137769679141346
cold wave,51.48332589919392
storms,135.08491420132526
flood,33.63630616891582
