Disaster Name,Severity
tropical cyclone,95.12278823702385
drought,27.52121624987134
flood,24.90129354930611
storms,11.898364720869386
