Disaster Name,Severity
tropical cyclone,98.81782481987094
drought,28.512306238603887
flood,40.45472421418729
storms,16.023957264336122
