Disaster Name,Severity
tropical cyclone,147.76682363521041
drought,24.221952839885823
heat wave,5.568344503761097
storms,19.59187366040596
flood,9.159468041602427
