Disaster Name,Severity
tropical cyclone,280.8629136350085
drought,216.29167829439112
severe winter conditions,45.31606958248765
cold wave,17.205842456816086
storms,215.5461441521671
