Disaster Name,Severity
tropical cyclone,120.59778699584697
drought,84.53721765089594
severe winter conditions,0.0
cold wave,5.703782474656201
storms,64.65429558407233
flood,84.66866385384638
