Disaster Name,Severity
tropical cyclone,181.88859864955307
drought,204.6614113429482
heat wave,6.650279048587422
cold wave,29.223875762955434
flood,105.49002124619359
storms,80.6804488496721
