Disaster Name,Severity
tropical cyclone,194.0503712272801
drought,153.07661868185858
heat wave,18.197537192638155
cold wave,6.234410725718371
flood,137.50764447273212
storms,46.24505217288592
