Disaster Name,Severity
tropical cyclone,146.6924670940721
drought,74.87642334689282
cold wave,5.66988092298052
storms,77.32349840516281
flood,46.914716600431106
